,alpha_0,alpha_1,beta_0,beta_1,alpha_0_hat,beta_0_hat,benchmark,NS,val_loss,AU-ROC,ACC,do,baseline
0,0.0,0,0.4,0,0.07936251,0.49776172637939453,synthetic_1D_sinusoidal,60000,0.5001916883258584,0.6555166125373759,0.5434444444444444,0,OBS
1,0.0,0,0.4,0,0.07936251,0.49776172637939453,synthetic_1D_sinusoidal,60000,0.5001916883258584,0.7044091234286562,0.6316111111111111,0,OBS Oracle
2,0.0,0,0.4,0,0.07936251,0.49776172637939453,synthetic_1D_sinusoidal,60000,0.5001916883258584,0.8350416896694689,0.48738888888888887,0,COM
3,0.0,0,0.4,0,0.07936251,0.49776172637939453,synthetic_1D_sinusoidal,60000,0.5001916883258584,0.8030214739942402,0.6819444444444445,0,COM-SL
4,0.0,0,0.4,0,0.07936251,0.49776172637939453,synthetic_1D_sinusoidal,60000,0.5001916883258584,0.8364396283655561,0.509,0,RW
5,0.0,0,0.4,0,0.07936251,0.49776172637939453,synthetic_1D_sinusoidal,60000,0.5001916883258584,0.6469641841659985,0.6399444444444444,0,RW-SL
6,0.0,0,0.4,0,0.07936251,0.49776172637939453,synthetic_1D_sinusoidal,60000,0.5001916883258584,0.8325770476875344,0.48738888888888887,0,Proxy Oracle
7,0.0,0,0.4,0,0.07936251,0.49776172637939453,synthetic_1D_sinusoidal,60000,0.5001916883258584,0.8318034073799863,0.7730555555555556,0,Target Oracle
8,0.0,0,0.4,0,0.07267233,0.5843105614185333,synthetic_1D_sinusoidal,60000,0.5091740486359291,0.6418689092062565,0.5437777777777778,0,OBS
9,0.0,0,0.4,0,0.07267233,0.5843105614185333,synthetic_1D_sinusoidal,60000,0.5091740486359291,0.7025379282852492,0.624,0,OBS Oracle
10,0.0,0,0.4,0,0.07267233,0.5843105614185333,synthetic_1D_sinusoidal,60000,0.5091740486359291,0.8177328800685622,0.48827777777777776,0,COM
11,0.0,0,0.4,0,0.07267233,0.5843105614185333,synthetic_1D_sinusoidal,60000,0.5091740486359291,0.8112323750193611,0.742,0,COM-SL
12,0.0,0,0.4,0,0.07267233,0.5843105614185333,synthetic_1D_sinusoidal,60000,0.5091740486359291,0.8325158140315616,0.5988888888888889,0,RW
13,0.0,0,0.4,0,0.07267233,0.5843105614185333,synthetic_1D_sinusoidal,60000,0.5091740486359291,0.7153121223580186,0.6731111111111111,0,RW-SL
14,0.0,0,0.4,0,0.07267233,0.5843105614185333,synthetic_1D_sinusoidal,60000,0.5091740486359291,0.8200474053152103,0.5323888888888889,0,Proxy Oracle
15,0.0,0,0.4,0,0.07267233,0.5843105614185333,synthetic_1D_sinusoidal,60000,0.5091740486359291,0.8367813066735112,0.7671111111111111,0,Target Oracle
16,0.0,0,0.4,0,0.089132234,0.48296546936035156,synthetic_1D_sinusoidal,60000,0.5485407746071075,0.6510103276637232,0.5402222222222223,0,OBS
17,0.0,0,0.4,0,0.089132234,0.48296546936035156,synthetic_1D_sinusoidal,60000,0.5485407746071075,0.7085833182852155,0.5872222222222222,0,OBS Oracle
18,0.0,0,0.4,0,0.089132234,0.48296546936035156,synthetic_1D_sinusoidal,60000,0.5485407746071075,0.8228423050516545,0.4841111111111111,0,COM
19,0.0,0,0.4,0,0.089132234,0.48296546936035156,synthetic_1D_sinusoidal,60000,0.5485407746071075,0.818092113117093,0.7706111111111111,0,COM-SL
20,0.0,0,0.4,0,0.089132234,0.48296546936035156,synthetic_1D_sinusoidal,60000,0.5485407746071075,0.8418505556549425,0.6691111111111111,0,RW
21,0.0,0,0.4,0,0.089132234,0.48296546936035156,synthetic_1D_sinusoidal,60000,0.5485407746071075,0.6514314875302967,0.6833888888888889,0,RW-SL
22,0.0,0,0.4,0,0.089132234,0.48296546936035156,synthetic_1D_sinusoidal,60000,0.5485407746071075,0.8249274168269973,0.4841111111111111,0,Proxy Oracle
23,0.0,0,0.4,0,0.089132234,0.48296546936035156,synthetic_1D_sinusoidal,60000,0.5485407746071075,0.8376818336205287,0.7752777777777777,0,Target Oracle
24,0.0,0,0.4,0,0.041722115,0.5846686363220215,synthetic_1D_sinusoidal,60000,0.493967735904995,0.6560930179213014,0.5401666666666667,0,OBS
25,0.0,0,0.4,0,0.041722115,0.5846686363220215,synthetic_1D_sinusoidal,60000,0.493967735904995,0.710098718878025,0.6317777777777778,0,OBS Oracle
26,0.0,0,0.4,0,0.041722115,0.5846686363220215,synthetic_1D_sinusoidal,60000,0.493967735904995,0.838383849861599,0.4895555555555556,0,COM
27,0.0,0,0.4,0,0.041722115,0.5846686363220215,synthetic_1D_sinusoidal,60000,0.493967735904995,0.8132134532875678,0.7718888888888888,0,COM-SL
28,0.0,0,0.4,0,0.041722115,0.5846686363220215,synthetic_1D_sinusoidal,60000,0.493967735904995,0.8433277107976598,0.4895555555555556,0,RW
29,0.0,0,0.4,0,0.041722115,0.5846686363220215,synthetic_1D_sinusoidal,60000,0.493967735904995,0.8140203979869932,0.7482777777777778,0,RW-SL
30,0.0,0,0.4,0,0.041722115,0.5846686363220215,synthetic_1D_sinusoidal,60000,0.493967735904995,0.8432735266608186,0.6615555555555556,0,Proxy Oracle
31,0.0,0,0.4,0,0.041722115,0.5846686363220215,synthetic_1D_sinusoidal,60000,0.493967735904995,0.8445544250814824,0.7760555555555556,0,Target Oracle
32,0.0,0,0.4,0,0.049032446,0.42128831148147583,synthetic_1D_sinusoidal,60000,0.5008487223943641,0.6275103669999027,0.5355,0,OBS
33,0.0,0,0.4,0,0.049032446,0.42128831148147583,synthetic_1D_sinusoidal,60000,0.5008487223943641,0.679071394049597,0.5871666666666666,0,OBS Oracle
34,0.0,0,0.4,0,0.049032446,0.42128831148147583,synthetic_1D_sinusoidal,60000,0.5008487223943641,0.8377422101194255,0.5824444444444444,0,COM
35,0.0,0,0.4,0,0.049032446,0.42128831148147583,synthetic_1D_sinusoidal,60000,0.5008487223943641,0.7927455615756496,0.6369444444444444,0,COM-SL
36,0.0,0,0.4,0,0.049032446,0.42128831148147583,synthetic_1D_sinusoidal,60000,0.5008487223943641,0.8372150743217114,0.6526666666666666,0,RW
37,0.0,0,0.4,0,0.049032446,0.42128831148147583,synthetic_1D_sinusoidal,60000,0.5008487223943641,0.8077307611436104,0.7609444444444444,0,RW-SL
38,0.0,0,0.4,0,0.049032446,0.42128831148147583,synthetic_1D_sinusoidal,60000,0.5008487223943641,0.8380646157102309,0.5782777777777778,0,Proxy Oracle
39,0.0,0,0.4,0,0.049032446,0.42128831148147583,synthetic_1D_sinusoidal,60000,0.5008487223943641,0.8397485426688989,0.7709444444444444,0,Target Oracle
40,0.0,0,0.4,0,0.05792212,0.47808539867401123,synthetic_1D_sinusoidal,60000,0.5024098526309274,0.6396231564217707,0.5456111111111112,0,OBS
41,0.0,0,0.4,0,0.05792212,0.47808539867401123,synthetic_1D_sinusoidal,60000,0.5024098526309274,0.6823682065289901,0.6448333333333334,0,OBS Oracle
42,0.0,0,0.4,0,0.05792212,0.47808539867401123,synthetic_1D_sinusoidal,60000,0.5024098526309274,0.8419592087346526,0.48733333333333334,0,COM
43,0.0,0,0.4,0,0.05792212,0.47808539867401123,synthetic_1D_sinusoidal,60000,0.5024098526309274,0.8178849250610416,0.7689444444444444,0,COM-SL
44,0.0,0,0.4,0,0.05792212,0.47808539867401123,synthetic_1D_sinusoidal,60000,0.5024098526309274,0.8422437679016124,0.5537777777777778,0,RW
45,0.0,0,0.4,0,0.05792212,0.47808539867401123,synthetic_1D_sinusoidal,60000,0.5024098526309274,0.8134080395497278,0.6345555555555555,0,RW-SL
46,0.0,0,0.4,0,0.05792212,0.47808539867401123,synthetic_1D_sinusoidal,60000,0.5024098526309274,0.8283778443686625,0.48733333333333334,0,Proxy Oracle
47,0.0,0,0.4,0,0.05792212,0.47808539867401123,synthetic_1D_sinusoidal,60000,0.5024098526309274,0.8419921681588836,0.7665555555555555,0,Target Oracle
48,0.0,0,0.4,0,0.07457264,0.5164106488227844,synthetic_1D_sinusoidal,60000,0.5003973484356917,0.5850994332178394,0.5404444444444444,0,OBS
49,0.0,0,0.4,0,0.07457264,0.5164106488227844,synthetic_1D_sinusoidal,60000,0.5003973484356917,0.7001600235250582,0.6302222222222222,0,OBS Oracle
50,0.0,0,0.4,0,0.07457264,0.5164106488227844,synthetic_1D_sinusoidal,60000,0.5003973484356917,0.8204014951508912,0.48583333333333334,0,COM
51,0.0,0,0.4,0,0.07457264,0.5164106488227844,synthetic_1D_sinusoidal,60000,0.5003973484356917,0.8105759036807018,0.6372222222222222,0,COM-SL
52,0.0,0,0.4,0,0.07457264,0.5164106488227844,synthetic_1D_sinusoidal,60000,0.5003973484356917,0.8306157937282367,0.48583333333333334,0,RW
53,0.0,0,0.4,0,0.07457264,0.5164106488227844,synthetic_1D_sinusoidal,60000,0.5003973484356917,0.742020788911098,0.6813333333333333,0,RW-SL
54,0.0,0,0.4,0,0.07457264,0.5164106488227844,synthetic_1D_sinusoidal,60000,0.5003973484356917,0.8237089898403008,0.48583333333333334,0,Proxy Oracle
55,0.0,0,0.4,0,0.07457264,0.5164106488227844,synthetic_1D_sinusoidal,60000,0.5003973484356917,0.8397888243000013,0.7686111111111111,0,Target Oracle
56,0.0,0,0.4,0,0.065027714,0.5565125346183777,synthetic_1D_sinusoidal,60000,0.5071731599090791,0.6367809531219895,0.5417222222222222,0,OBS
57,0.0,0,0.4,0,0.065027714,0.5565125346183777,synthetic_1D_sinusoidal,60000,0.5071731599090791,0.7033055691412368,0.6094444444444445,0,OBS Oracle
58,0.0,0,0.4,0,0.065027714,0.5565125346183777,synthetic_1D_sinusoidal,60000,0.5071731599090791,0.834267861465574,0.49,0,COM
59,0.0,0,0.4,0,0.065027714,0.5565125346183777,synthetic_1D_sinusoidal,60000,0.5071731599090791,0.7579357113215658,0.6334444444444445,0,COM-SL
60,0.0,0,0.4,0,0.065027714,0.5565125346183777,synthetic_1D_sinusoidal,60000,0.5071731599090791,0.8419774329484881,0.6973333333333334,0,RW
61,0.0,0,0.4,0,0.065027714,0.5565125346183777,synthetic_1D_sinusoidal,60000,0.5071731599090791,0.8119560910784067,0.6732222222222223,0,RW-SL
62,0.0,0,0.4,0,0.065027714,0.5565125346183777,synthetic_1D_sinusoidal,60000,0.5071731599090791,0.8335612331352293,0.5730555555555555,0,Proxy Oracle
63,0.0,0,0.4,0,0.065027714,0.5565125346183777,synthetic_1D_sinusoidal,60000,0.5071731599090791,0.8406972295090877,0.773,0,Target Oracle
64,0.0,0,0.4,0,0.08491171,0.5159223973751068,synthetic_1D_sinusoidal,60000,0.5176307195880279,0.6070772597453292,0.5441666666666667,0,OBS
65,0.0,0,0.4,0,0.08491171,0.5159223973751068,synthetic_1D_sinusoidal,60000,0.5176307195880279,0.6729809849342075,0.6074444444444445,0,OBS Oracle
66,0.0,0,0.4,0,0.08491171,0.5159223973751068,synthetic_1D_sinusoidal,60000,0.5176307195880279,0.8317091200173932,0.6547777777777778,0,COM
67,0.0,0,0.4,0,0.08491171,0.5159223973751068,synthetic_1D_sinusoidal,60000,0.5176307195880279,0.809890193646574,0.6786666666666666,0,COM-SL
68,0.0,0,0.4,0,0.08491171,0.5159223973751068,synthetic_1D_sinusoidal,60000,0.5176307195880279,0.8313173056493016,0.6433888888888889,0,RW
69,0.0,0,0.4,0,0.08491171,0.5159223973751068,synthetic_1D_sinusoidal,60000,0.5176307195880279,0.7219040266035508,0.6816111111111111,0,RW-SL
70,0.0,0,0.4,0,0.08491171,0.5159223973751068,synthetic_1D_sinusoidal,60000,0.5176307195880279,0.8286176122522595,0.5751666666666667,0,Proxy Oracle
71,0.0,0,0.4,0,0.08491171,0.5159223973751068,synthetic_1D_sinusoidal,60000,0.5176307195880279,0.8342132521160793,0.7673888888888889,0,Target Oracle
72,0.0,0,0.4,0,0.06976982,0.500666081905365,synthetic_1D_sinusoidal,60000,0.49765242982927105,0.6460389838563716,0.543,0,OBS
73,0.0,0,0.4,0,0.06976982,0.500666081905365,synthetic_1D_sinusoidal,60000,0.49765242982927105,0.6904997184854947,0.6033333333333334,0,OBS Oracle
74,0.0,0,0.4,0,0.06976982,0.500666081905365,synthetic_1D_sinusoidal,60000,0.49765242982927105,0.8244511597630368,0.48627777777777775,0,COM
75,0.0,0,0.4,0,0.06976982,0.500666081905365,synthetic_1D_sinusoidal,60000,0.49765242982927105,0.7710434764377035,0.6782222222222222,0,COM-SL
76,0.0,0,0.4,0,0.06976982,0.500666081905365,synthetic_1D_sinusoidal,60000,0.49765242982927105,0.8302943509636783,0.6572777777777777,0,RW
77,0.0,0,0.4,0,0.06976982,0.500666081905365,synthetic_1D_sinusoidal,60000,0.49765242982927105,0.8303818736756923,0.7689444444444444,0,RW-SL
78,0.0,0,0.4,0,0.06976982,0.500666081905365,synthetic_1D_sinusoidal,60000,0.49765242982927105,0.831935148536754,0.5782777777777778,0,Proxy Oracle
79,0.0,0,0.4,0,0.06976982,0.500666081905365,synthetic_1D_sinusoidal,60000,0.49765242982927105,0.8377121973265025,0.7697777777777778,0,Target Oracle
80,0.1,0,0.3,0,0.19533983,0.42046117782592773,synthetic_1D_sinusoidal,60000,0.49771531474103287,0.6032904861198702,0.5155555555555555,0,OBS
81,0.1,0,0.3,0,0.19533983,0.42046117782592773,synthetic_1D_sinusoidal,60000,0.49771531474103287,0.7054716559838516,0.594,0,OBS Oracle
82,0.1,0,0.3,0,0.19533983,0.42046117782592773,synthetic_1D_sinusoidal,60000,0.49771531474103287,0.8241326156971585,0.5542222222222222,0,COM
83,0.1,0,0.3,0,0.19533983,0.42046117782592773,synthetic_1D_sinusoidal,60000,0.49771531474103287,0.7922003177553216,0.6802222222222222,0,COM-SL
84,0.1,0,0.3,0,0.19533983,0.42046117782592773,synthetic_1D_sinusoidal,60000,0.49771531474103287,0.8278044210546062,0.7416111111111111,0,RW
85,0.1,0,0.3,0,0.19533983,0.42046117782592773,synthetic_1D_sinusoidal,60000,0.49771531474103287,0.8212066650148139,0.7393888888888889,0,RW-SL
86,0.1,0,0.3,0,0.19533983,0.42046117782592773,synthetic_1D_sinusoidal,60000,0.49771531474103287,0.8133610726140815,0.5289444444444444,0,Proxy Oracle
87,0.1,0,0.3,0,0.19533983,0.42046117782592773,synthetic_1D_sinusoidal,60000,0.49771531474103287,0.8422824010660667,0.7738888888888888,0,Target Oracle
88,0.1,0,0.3,0,0.16681433,0.3614584803581238,synthetic_1D_sinusoidal,60000,0.4963163509567938,0.6202334826254826,0.5368333333333334,0,OBS
89,0.1,0,0.3,0,0.16681433,0.3614584803581238,synthetic_1D_sinusoidal,60000,0.4963163509567938,0.6887137482625483,0.6275555555555555,0,OBS Oracle
90,0.1,0,0.3,0,0.16681433,0.3614584803581238,synthetic_1D_sinusoidal,60000,0.4963163509567938,0.8193694579150579,0.7212777777777778,0,COM
91,0.1,0,0.3,0,0.16681433,0.3614584803581238,synthetic_1D_sinusoidal,60000,0.4963163509567938,0.7950856092664093,0.6604444444444444,0,COM-SL
92,0.1,0,0.3,0,0.16681433,0.3614584803581238,synthetic_1D_sinusoidal,60000,0.4963163509567938,0.8437831166023165,0.7267222222222223,0,RW
93,0.1,0,0.3,0,0.16681433,0.3614584803581238,synthetic_1D_sinusoidal,60000,0.4963163509567938,0.7913543907335908,0.7525555555555555,0,RW-SL
94,0.1,0,0.3,0,0.16681433,0.3614584803581238,synthetic_1D_sinusoidal,60000,0.4963163509567938,0.8365606795366796,0.7553888888888889,0,Proxy Oracle
95,0.1,0,0.3,0,0.16681433,0.3614584803581238,synthetic_1D_sinusoidal,60000,0.4963163509567938,0.8457554285714284,0.7747222222222222,0,Target Oracle
96,0.1,0,0.3,0,0.122451074,0.4789959788322449,synthetic_1D_sinusoidal,60000,0.496049917188885,0.619054994513368,0.5347777777777778,0,OBS
97,0.1,0,0.3,0,0.122451074,0.4789959788322449,synthetic_1D_sinusoidal,60000,0.496049917188885,0.7090894959395366,0.5929444444444445,0,OBS Oracle
98,0.1,0,0.3,0,0.122451074,0.4789959788322449,synthetic_1D_sinusoidal,60000,0.496049917188885,0.8277516443626614,0.7090555555555556,0,COM
99,0.1,0,0.3,0,0.122451074,0.4789959788322449,synthetic_1D_sinusoidal,60000,0.496049917188885,0.8335774361110004,0.7723888888888889,0,COM-SL
100,0.1,0,0.3,0,0.122451074,0.4789959788322449,synthetic_1D_sinusoidal,60000,0.496049917188885,0.8338282463433269,0.7359444444444444,0,RW
101,0.1,0,0.3,0,0.122451074,0.4789959788322449,synthetic_1D_sinusoidal,60000,0.496049917188885,0.8143073860708365,0.7617222222222222,0,RW-SL
102,0.1,0,0.3,0,0.122451074,0.4789959788322449,synthetic_1D_sinusoidal,60000,0.496049917188885,0.8290918160314324,0.7616666666666667,0,Proxy Oracle
103,0.1,0,0.3,0,0.122451074,0.4789959788322449,synthetic_1D_sinusoidal,60000,0.496049917188885,0.8455127270340139,0.7747777777777778,0,Target Oracle
104,0.1,0,0.3,0,0.17324296,0.2652233839035034,synthetic_1D_sinusoidal,60000,0.4998540480490474,0.612406238338194,0.5221111111111111,0,OBS
105,0.1,0,0.3,0,0.17324296,0.2652233839035034,synthetic_1D_sinusoidal,60000,0.4998540480490474,0.6756810408179772,0.614,0,OBS Oracle
106,0.1,0,0.3,0,0.17324296,0.2652233839035034,synthetic_1D_sinusoidal,60000,0.4998540480490474,0.8199437116081234,0.6398333333333334,0,COM
107,0.1,0,0.3,0,0.17324296,0.2652233839035034,synthetic_1D_sinusoidal,60000,0.4998540480490474,0.8114731801452011,0.6771111111111111,0,COM-SL
108,0.1,0,0.3,0,0.17324296,0.2652233839035034,synthetic_1D_sinusoidal,60000,0.4998540480490474,0.8377726847897519,0.7540555555555556,0,RW
109,0.1,0,0.3,0,0.17324296,0.2652233839035034,synthetic_1D_sinusoidal,60000,0.4998540480490474,0.7994456248117549,0.7536111111111111,0,RW-SL
110,0.1,0,0.3,0,0.17324296,0.2652233839035034,synthetic_1D_sinusoidal,60000,0.4998540480490474,0.8265303886269965,0.7121666666666666,0,Proxy Oracle
111,0.1,0,0.3,0,0.17324296,0.2652233839035034,synthetic_1D_sinusoidal,60000,0.4998540480490474,0.8433120240969622,0.7757777777777778,0,Target Oracle
112,0.1,0,0.3,0,0.1347366,0.5713382065296173,synthetic_1D_sinusoidal,60000,0.5054182041284242,0.5930708131776223,0.5233888888888889,0,OBS
113,0.1,0,0.3,0,0.1347366,0.5713382065296173,synthetic_1D_sinusoidal,60000,0.5054182041284242,0.6646736692534533,0.5788888888888889,0,OBS Oracle
114,0.1,0,0.3,0,0.1347366,0.5713382065296173,synthetic_1D_sinusoidal,60000,0.5054182041284242,0.8242788097588873,0.7438333333333333,0,COM
115,0.1,0,0.3,0,0.1347366,0.5713382065296173,synthetic_1D_sinusoidal,60000,0.5054182041284242,0.8196331553180904,0.6685555555555556,0,COM-SL
116,0.1,0,0.3,0,0.1347366,0.5713382065296173,synthetic_1D_sinusoidal,60000,0.5054182041284242,0.838531339209656,0.7574444444444445,0,RW
117,0.1,0,0.3,0,0.1347366,0.5713382065296173,synthetic_1D_sinusoidal,60000,0.5054182041284242,0.8028737941007048,0.6331111111111111,0,RW-SL
118,0.1,0,0.3,0,0.1347366,0.5713382065296173,synthetic_1D_sinusoidal,60000,0.5054182041284242,0.8235586165334752,0.48394444444444445,0,Proxy Oracle
119,0.1,0,0.3,0,0.1347366,0.5713382065296173,synthetic_1D_sinusoidal,60000,0.5054182041284242,0.8344142050471574,0.7640555555555556,0,Target Oracle
120,0.1,0,0.3,0,0.1399043,0.5648337304592133,synthetic_1D_sinusoidal,60000,0.4940105191238394,0.6297732693948526,0.5142222222222222,0,OBS
121,0.1,0,0.3,0,0.1399043,0.5648337304592133,synthetic_1D_sinusoidal,60000,0.4940105191238394,0.7180510950192985,0.6156666666666667,0,OBS Oracle
122,0.1,0,0.3,0,0.1399043,0.5648337304592133,synthetic_1D_sinusoidal,60000,0.4940105191238394,0.8126961278201583,0.5203333333333333,0,COM
123,0.1,0,0.3,0,0.1399043,0.5648337304592133,synthetic_1D_sinusoidal,60000,0.4940105191238394,0.701355494242848,0.6362777777777778,0,COM-SL
124,0.1,0,0.3,0,0.1399043,0.5648337304592133,synthetic_1D_sinusoidal,60000,0.4940105191238394,0.8270973846197338,0.7598888888888888,0,RW
125,0.1,0,0.3,0,0.1399043,0.5648337304592133,synthetic_1D_sinusoidal,60000,0.4940105191238394,0.7633546569234091,0.6344444444444445,0,RW-SL
126,0.1,0,0.3,0,0.1399043,0.5648337304592133,synthetic_1D_sinusoidal,60000,0.4940105191238394,0.8080348873379826,0.62,0,Proxy Oracle
127,0.1,0,0.3,0,0.1399043,0.5648337304592133,synthetic_1D_sinusoidal,60000,0.4940105191238394,0.8433105271445301,0.7781111111111111,0,Target Oracle
128,0.1,0,0.3,0,0.20714977,0.51382777094841,synthetic_1D_sinusoidal,60000,0.6266976902476424,0.6084017898001051,0.5353888888888889,0,OBS
129,0.1,0,0.3,0,0.20714977,0.51382777094841,synthetic_1D_sinusoidal,60000,0.6266976902476424,0.6815056089188885,0.6241111111111111,0,OBS Oracle
130,0.1,0,0.3,0,0.20714977,0.51382777094841,synthetic_1D_sinusoidal,60000,0.6266976902476424,0.8291554271119728,0.7389444444444444,0,COM
131,0.1,0,0.3,0,0.20714977,0.51382777094841,synthetic_1D_sinusoidal,60000,0.6266976902476424,0.8108519015446386,0.6783333333333333,0,COM-SL
132,0.1,0,0.3,0,0.20714977,0.51382777094841,synthetic_1D_sinusoidal,60000,0.6266976902476424,0.8258377232883277,0.7346666666666667,0,RW
133,0.1,0,0.3,0,0.20714977,0.51382777094841,synthetic_1D_sinusoidal,60000,0.6266976902476424,0.714042856643788,0.6355555555555555,0,RW-SL
134,0.1,0,0.3,0,0.20714977,0.51382777094841,synthetic_1D_sinusoidal,60000,0.6266976902476424,0.8317728344737556,0.7488888888888889,0,Proxy Oracle
135,0.1,0,0.3,0,0.20714977,0.51382777094841,synthetic_1D_sinusoidal,60000,0.6266976902476424,0.8300888963106886,0.7628333333333334,0,Target Oracle
136,0.1,0,0.3,0,0.08883177,0.30561745166778564,synthetic_1D_sinusoidal,60000,0.5153700658525493,0.6159716051327563,0.5381666666666667,0,OBS
137,0.1,0,0.3,0,0.08883177,0.30561745166778564,synthetic_1D_sinusoidal,60000,0.5153700658525493,0.6955907624358142,0.6231666666666666,0,OBS Oracle
138,0.1,0,0.3,0,0.08883177,0.30561745166778564,synthetic_1D_sinusoidal,60000,0.5153700658525493,0.8333541042266008,0.7241111111111111,0,COM
139,0.1,0,0.3,0,0.08883177,0.30561745166778564,synthetic_1D_sinusoidal,60000,0.5153700658525493,0.7980732257305946,0.6284444444444445,0,COM-SL
140,0.1,0,0.3,0,0.08883177,0.30561745166778564,synthetic_1D_sinusoidal,60000,0.5153700658525493,0.8279316472951374,0.7233888888888889,0,RW
141,0.1,0,0.3,0,0.08883177,0.30561745166778564,synthetic_1D_sinusoidal,60000,0.5153700658525493,0.8261818771059559,0.7483333333333333,0,RW-SL
142,0.1,0,0.3,0,0.08883177,0.30561745166778564,synthetic_1D_sinusoidal,60000,0.5153700658525493,0.8181040625087898,0.724,0,Proxy Oracle
143,0.1,0,0.3,0,0.08883177,0.30561745166778564,synthetic_1D_sinusoidal,60000,0.5153700658525493,0.8359231234097034,0.7718333333333334,0,Target Oracle
144,0.1,0,0.3,0,0.19245209,0.5007482171058655,synthetic_1D_sinusoidal,60000,0.6245092315529848,0.6178377219471884,0.5256111111111111,0,OBS
145,0.1,0,0.3,0,0.19245209,0.5007482171058655,synthetic_1D_sinusoidal,60000,0.6245092315529848,0.6834718958286671,0.6122222222222222,0,OBS Oracle
146,0.1,0,0.3,0,0.19245209,0.5007482171058655,synthetic_1D_sinusoidal,60000,0.6245092315529848,0.8279451710315958,0.7467777777777778,0,COM
147,0.1,0,0.3,0,0.19245209,0.5007482171058655,synthetic_1D_sinusoidal,60000,0.6245092315529848,0.7881824728334325,0.6371666666666667,0,COM-SL
148,0.1,0,0.3,0,0.19245209,0.5007482171058655,synthetic_1D_sinusoidal,60000,0.6245092315529848,0.8299323287946306,0.7092777777777778,0,RW
149,0.1,0,0.3,0,0.19245209,0.5007482171058655,synthetic_1D_sinusoidal,60000,0.6245092315529848,0.7486683400396975,0.6645,0,RW-SL
150,0.1,0,0.3,0,0.19245209,0.5007482171058655,synthetic_1D_sinusoidal,60000,0.6245092315529848,0.8060863182446575,0.7269444444444444,0,Proxy Oracle
151,0.1,0,0.3,0,0.19245209,0.5007482171058655,synthetic_1D_sinusoidal,60000,0.6245092315529848,0.8212836181929116,0.7591666666666667,0,Target Oracle
152,0.1,0,0.3,0,0.23596787,0.4504128694534302,synthetic_1D_sinusoidal,60000,0.4996667439200739,0.5979365019732308,0.5543888888888889,0,OBS
153,0.1,0,0.3,0,0.23596787,0.4504128694534302,synthetic_1D_sinusoidal,60000,0.4996667439200739,0.690907298365297,0.6120555555555556,0,OBS Oracle
154,0.1,0,0.3,0,0.23596787,0.4504128694534302,synthetic_1D_sinusoidal,60000,0.4996667439200739,0.8286391359379347,0.7258333333333333,0,COM
155,0.1,0,0.3,0,0.23596787,0.4504128694534302,synthetic_1D_sinusoidal,60000,0.4996667439200739,0.7807224766812574,0.6636111111111112,0,COM-SL
156,0.1,0,0.3,0,0.23596787,0.4504128694534302,synthetic_1D_sinusoidal,60000,0.4996667439200739,0.8191709911364671,0.7361666666666666,0,RW
157,0.1,0,0.3,0,0.23596787,0.4504128694534302,synthetic_1D_sinusoidal,60000,0.4996667439200739,0.8111226188246137,0.7263888888888889,0,RW-SL
158,0.1,0,0.3,0,0.23596787,0.4504128694534302,synthetic_1D_sinusoidal,60000,0.4996667439200739,0.8204112319334578,0.5975555555555555,0,Proxy Oracle
159,0.1,0,0.3,0,0.23596787,0.4504128694534302,synthetic_1D_sinusoidal,60000,0.4996667439200739,0.8339216864898703,0.7741111111111111,0,Target Oracle
160,0.2,0,0.2,0,0.17612505,0.4116288423538208,synthetic_1D_sinusoidal,60000,0.5022952628601507,0.5734320536479508,0.5575,0,OBS
161,0.2,0,0.2,0,0.17612505,0.4116288423538208,synthetic_1D_sinusoidal,60000,0.5022952628601507,0.6624308029969135,0.5992777777777778,0,OBS Oracle
162,0.2,0,0.2,0,0.17612505,0.4116288423538208,synthetic_1D_sinusoidal,60000,0.5022952628601507,0.8237757421472487,0.7623888888888889,0,COM
163,0.2,0,0.2,0,0.17612505,0.4116288423538208,synthetic_1D_sinusoidal,60000,0.5022952628601507,0.7914292591328718,0.6530555555555555,0,COM-SL
164,0.2,0,0.2,0,0.17612505,0.4116288423538208,synthetic_1D_sinusoidal,60000,0.5022952628601507,0.8246218543410426,0.761,0,RW
165,0.2,0,0.2,0,0.17612505,0.4116288423538208,synthetic_1D_sinusoidal,60000,0.5022952628601507,0.76324602407674,0.6713888888888889,0,RW-SL
166,0.2,0,0.2,0,0.17612505,0.4116288423538208,synthetic_1D_sinusoidal,60000,0.5022952628601507,0.8352685309291119,0.7711111111111111,0,Proxy Oracle
167,0.2,0,0.2,0,0.17612505,0.4116288423538208,synthetic_1D_sinusoidal,60000,0.5022952628601507,0.8314974708031668,0.7706666666666667,0,Target Oracle
168,0.2,0,0.2,0,0.22489682,0.4129995107650757,synthetic_1D_sinusoidal,60000,0.5210988782544754,0.5662808096637989,0.5502777777777778,0,OBS
169,0.2,0,0.2,0,0.22489682,0.4129995107650757,synthetic_1D_sinusoidal,60000,0.5210988782544754,0.7004476305974988,0.6261111111111111,0,OBS Oracle
170,0.2,0,0.2,0,0.22489682,0.4129995107650757,synthetic_1D_sinusoidal,60000,0.5210988782544754,0.8145718341322344,0.7582777777777778,0,COM
171,0.2,0,0.2,0,0.22489682,0.4129995107650757,synthetic_1D_sinusoidal,60000,0.5210988782544754,0.8118249987685638,0.6377222222222222,0,COM-SL
172,0.2,0,0.2,0,0.22489682,0.4129995107650757,synthetic_1D_sinusoidal,60000,0.5210988782544754,0.6930100839502459,0.6396666666666667,0,RW
173,0.2,0,0.2,0,0.22489682,0.4129995107650757,synthetic_1D_sinusoidal,60000,0.5210988782544754,0.8023306229288576,0.6394444444444445,0,RW-SL
174,0.2,0,0.2,0,0.22489682,0.4129995107650757,synthetic_1D_sinusoidal,60000,0.5210988782544754,0.8106538946383598,0.7693888888888889,0,Proxy Oracle
175,0.2,0,0.2,0,0.22489682,0.4129995107650757,synthetic_1D_sinusoidal,60000,0.5210988782544754,0.8380775851400364,0.7693888888888889,0,Target Oracle
176,0.2,0,0.2,0,0.26165292,0.4354378581047058,synthetic_1D_sinusoidal,60000,0.5075356488117733,0.5743925675697452,0.5700555555555555,0,OBS
177,0.2,0,0.2,0,0.26165292,0.4354378581047058,synthetic_1D_sinusoidal,60000,0.5075356488117733,0.7045935771561248,0.6008333333333333,0,OBS Oracle
178,0.2,0,0.2,0,0.26165292,0.4354378581047058,synthetic_1D_sinusoidal,60000,0.5075356488117733,0.8232709918582186,0.7660555555555556,0,COM
179,0.2,0,0.2,0,0.26165292,0.4354378581047058,synthetic_1D_sinusoidal,60000,0.5075356488117733,0.770615502297877,0.6321666666666667,0,COM-SL
180,0.2,0,0.2,0,0.26165292,0.4354378581047058,synthetic_1D_sinusoidal,60000,0.5075356488117733,0.8265819534202763,0.7686666666666667,0,RW
181,0.2,0,0.2,0,0.26165292,0.4354378581047058,synthetic_1D_sinusoidal,60000,0.5075356488117733,0.715704593737678,0.633,0,RW-SL
182,0.2,0,0.2,0,0.26165292,0.4354378581047058,synthetic_1D_sinusoidal,60000,0.5075356488117733,0.8320870022720886,0.7648888888888888,0,Proxy Oracle
183,0.2,0,0.2,0,0.26165292,0.4354378581047058,synthetic_1D_sinusoidal,60000,0.5075356488117733,0.8347441211296213,0.7687222222222222,0,Target Oracle
184,0.2,0,0.2,0,0.28109437,0.43858832120895386,synthetic_1D_sinusoidal,60000,0.5951815819232119,0.5588200760577504,0.5506111111111112,0,OBS
185,0.2,0,0.2,0,0.28109437,0.43858832120895386,synthetic_1D_sinusoidal,60000,0.5951815819232119,0.6851758012896265,0.6097777777777778,0,OBS Oracle
186,0.2,0,0.2,0,0.28109437,0.43858832120895386,synthetic_1D_sinusoidal,60000,0.5951815819232119,0.8158628822544582,0.7641111111111111,0,COM
187,0.2,0,0.2,0,0.28109437,0.43858832120895386,synthetic_1D_sinusoidal,60000,0.5951815819232119,0.6650704858050558,0.6366666666666667,0,COM-SL
188,0.2,0,0.2,0,0.28109437,0.43858832120895386,synthetic_1D_sinusoidal,60000,0.5951815819232119,0.8118554315732041,0.7658333333333334,0,RW
189,0.2,0,0.2,0,0.28109437,0.43858832120895386,synthetic_1D_sinusoidal,60000,0.5951815819232119,0.8168052160947814,0.6722222222222223,0,RW-SL
190,0.2,0,0.2,0,0.28109437,0.43858832120895386,synthetic_1D_sinusoidal,60000,0.5951815819232119,0.8162537433370686,0.7702777777777777,0,Proxy Oracle
191,0.2,0,0.2,0,0.28109437,0.43858832120895386,synthetic_1D_sinusoidal,60000,0.5951815819232119,0.8321583958728984,0.7691666666666667,0,Target Oracle
192,0.2,0,0.2,0,0.26121575,0.4232948422431946,synthetic_1D_sinusoidal,60000,0.5083183401113719,0.575600753512546,0.5765555555555556,0,OBS
193,0.2,0,0.2,0,0.26121575,0.4232948422431946,synthetic_1D_sinusoidal,60000,0.5083183401113719,0.7094029948688854,0.6042777777777778,0,OBS Oracle
194,0.2,0,0.2,0,0.26121575,0.4232948422431946,synthetic_1D_sinusoidal,60000,0.5083183401113719,0.6999186826575705,0.682,0,COM
195,0.2,0,0.2,0,0.26121575,0.4232948422431946,synthetic_1D_sinusoidal,60000,0.5083183401113719,0.7700452504492752,0.6326111111111111,0,COM-SL
196,0.2,0,0.2,0,0.26121575,0.4232948422431946,synthetic_1D_sinusoidal,60000,0.5083183401113719,0.8359917587853773,0.7726111111111111,0,RW
197,0.2,0,0.2,0,0.26121575,0.4232948422431946,synthetic_1D_sinusoidal,60000,0.5083183401113719,0.8110712070936863,0.6700555555555555,0,RW-SL
198,0.2,0,0.2,0,0.26121575,0.4232948422431946,synthetic_1D_sinusoidal,60000,0.5083183401113719,0.7979550957280802,0.6622222222222223,0,Proxy Oracle
199,0.2,0,0.2,0,0.26121575,0.4232948422431946,synthetic_1D_sinusoidal,60000,0.5083183401113719,0.8313413993348846,0.7731666666666667,0,Target Oracle
200,0.2,0,0.2,0,0.16574055,0.24973714351654053,synthetic_1D_sinusoidal,60000,0.509762060049372,0.5480497330469426,0.4568333333333333,0,OBS
201,0.2,0,0.2,0,0.16574055,0.24973714351654053,synthetic_1D_sinusoidal,60000,0.509762060049372,0.6614862048158745,0.6171666666666666,0,OBS Oracle
202,0.2,0,0.2,0,0.16574055,0.24973714351654053,synthetic_1D_sinusoidal,60000,0.509762060049372,0.8079033914008058,0.7135555555555556,0,COM
203,0.2,0,0.2,0,0.16574055,0.24973714351654053,synthetic_1D_sinusoidal,60000,0.509762060049372,0.8137375790481246,0.6782222222222222,0,COM-SL
204,0.2,0,0.2,0,0.16574055,0.24973714351654053,synthetic_1D_sinusoidal,60000,0.509762060049372,0.8206479383799611,0.7663333333333333,0,RW
205,0.2,0,0.2,0,0.16574055,0.24973714351654053,synthetic_1D_sinusoidal,60000,0.509762060049372,0.8092856128522186,0.6741111111111111,0,RW-SL
206,0.2,0,0.2,0,0.16574055,0.24973714351654053,synthetic_1D_sinusoidal,60000,0.509762060049372,0.8035665809651498,0.7062222222222222,0,Proxy Oracle
207,0.2,0,0.2,0,0.16574055,0.24973714351654053,synthetic_1D_sinusoidal,60000,0.509762060049372,0.8340306139270676,0.7657777777777778,0,Target Oracle
208,0.2,0,0.2,0,0.19366446,0.45968812704086304,synthetic_1D_sinusoidal,60000,0.571170584928926,0.5507077557084002,0.5348888888888889,0,OBS
209,0.2,0,0.2,0,0.19366446,0.45968812704086304,synthetic_1D_sinusoidal,60000,0.571170584928926,0.7016924470037404,0.5833888888888888,0,OBS Oracle
210,0.2,0,0.2,0,0.19366446,0.45968812704086304,synthetic_1D_sinusoidal,60000,0.571170584928926,0.8107033267846103,0.7615555555555555,0,COM
211,0.2,0,0.2,0,0.19366446,0.45968812704086304,synthetic_1D_sinusoidal,60000,0.571170584928926,0.7199825286405138,0.6348888888888888,0,COM-SL
212,0.2,0,0.2,0,0.19366446,0.45968812704086304,synthetic_1D_sinusoidal,60000,0.571170584928926,0.8294670651075762,0.7711111111111111,0,RW
213,0.2,0,0.2,0,0.19366446,0.45968812704086304,synthetic_1D_sinusoidal,60000,0.571170584928926,0.6459956112964806,0.6282222222222222,0,RW-SL
214,0.2,0,0.2,0,0.19366446,0.45968812704086304,synthetic_1D_sinusoidal,60000,0.571170584928926,0.8231584365896552,0.7575555555555555,0,Proxy Oracle
215,0.2,0,0.2,0,0.19366446,0.45968812704086304,synthetic_1D_sinusoidal,60000,0.571170584928926,0.8299392456505409,0.7727777777777778,0,Target Oracle
216,0.2,0,0.2,0,0.22673093,0.4365108609199524,synthetic_1D_sinusoidal,60000,0.5076977379262768,0.5742245788840996,0.5661666666666667,0,OBS
217,0.2,0,0.2,0,0.22673093,0.4365108609199524,synthetic_1D_sinusoidal,60000,0.5076977379262768,0.6868905248420631,0.5891666666666666,0,OBS Oracle
218,0.2,0,0.2,0,0.22673093,0.4365108609199524,synthetic_1D_sinusoidal,60000,0.5076977379262768,0.8220544274024936,0.7741666666666667,0,COM
219,0.2,0,0.2,0,0.22673093,0.4365108609199524,synthetic_1D_sinusoidal,60000,0.5076977379262768,0.8250601285356489,0.7601111111111111,0,COM-SL
220,0.2,0,0.2,0,0.22673093,0.4365108609199524,synthetic_1D_sinusoidal,60000,0.5076977379262768,0.8299689885282566,0.7705555555555555,0,RW
221,0.2,0,0.2,0,0.22673093,0.4365108609199524,synthetic_1D_sinusoidal,60000,0.5076977379262768,0.7673097031044512,0.6773888888888889,0,RW-SL
222,0.2,0,0.2,0,0.22673093,0.4365108609199524,synthetic_1D_sinusoidal,60000,0.5076977379262768,0.8213701802605482,0.773,0,Proxy Oracle
223,0.2,0,0.2,0,0.22673093,0.4365108609199524,synthetic_1D_sinusoidal,60000,0.5076977379262768,0.843280472098167,0.773,0,Target Oracle
224,0.2,0,0.2,0,0.22120258,0.4602646827697754,synthetic_1D_sinusoidal,60000,0.5052454284198754,0.607619778750254,0.5702777777777778,0,OBS
225,0.2,0,0.2,0,0.22120258,0.4602646827697754,synthetic_1D_sinusoidal,60000,0.5052454284198754,0.6786809425442576,0.6021666666666666,0,OBS Oracle
226,0.2,0,0.2,0,0.22120258,0.4602646827697754,synthetic_1D_sinusoidal,60000,0.5052454284198754,0.8210884435912027,0.7647222222222222,0,COM
227,0.2,0,0.2,0,0.22120258,0.4602646827697754,synthetic_1D_sinusoidal,60000,0.5052454284198754,0.7100506837944394,0.6310555555555556,0,COM-SL
228,0.2,0,0.2,0,0.22120258,0.4602646827697754,synthetic_1D_sinusoidal,60000,0.5052454284198754,0.8183109433973261,0.7636666666666667,0,RW
229,0.2,0,0.2,0,0.22120258,0.4602646827697754,synthetic_1D_sinusoidal,60000,0.5052454284198754,0.685465994699957,0.6275,0,RW-SL
230,0.2,0,0.2,0,0.22120258,0.4602646827697754,synthetic_1D_sinusoidal,60000,0.5052454284198754,0.8194242493665066,0.7613333333333333,0,Proxy Oracle
231,0.2,0,0.2,0,0.22120258,0.4602646827697754,synthetic_1D_sinusoidal,60000,0.5052454284198754,0.8321434092670733,0.7660555555555556,0,Target Oracle
232,0.2,0,0.2,0,0.2132088,0.46736079454421997,synthetic_1D_sinusoidal,60000,0.5039959733058461,0.575772454110105,0.5563333333333333,0,OBS
233,0.2,0,0.2,0,0.2132088,0.46736079454421997,synthetic_1D_sinusoidal,60000,0.5039959733058461,0.69432984098649,0.6163888888888889,0,OBS Oracle
234,0.2,0,0.2,0,0.2132088,0.46736079454421997,synthetic_1D_sinusoidal,60000,0.5039959733058461,0.8204843319443813,0.7583333333333333,0,COM
235,0.2,0,0.2,0,0.2132088,0.46736079454421997,synthetic_1D_sinusoidal,60000,0.5039959733058461,0.7951177105015058,0.6308888888888889,0,COM-SL
236,0.2,0,0.2,0,0.2132088,0.46736079454421997,synthetic_1D_sinusoidal,60000,0.5039959733058461,0.8321884412989744,0.7378333333333333,0,RW
237,0.2,0,0.2,0,0.2132088,0.46736079454421997,synthetic_1D_sinusoidal,60000,0.5039959733058461,0.7526424383599034,0.6345,0,RW-SL
238,0.2,0,0.2,0,0.2132088,0.46736079454421997,synthetic_1D_sinusoidal,60000,0.5039959733058461,0.8199692972787576,0.719,0,Proxy Oracle
239,0.2,0,0.2,0,0.2132088,0.46736079454421997,synthetic_1D_sinusoidal,60000,0.5039959733058461,0.8360701613653002,0.7690555555555556,0,Target Oracle
240,0.3,0,0.1,0,0.33741662,0.30391979217529297,synthetic_1D_sinusoidal,60000,0.5129324574135972,0.5806805629656858,0.5834444444444444,0,OBS
241,0.3,0,0.1,0,0.33741662,0.30391979217529297,synthetic_1D_sinusoidal,60000,0.5129324574135972,0.7022804864257521,0.5977777777777777,0,OBS Oracle
242,0.3,0,0.1,0,0.33741662,0.30391979217529297,synthetic_1D_sinusoidal,60000,0.5129324574135972,0.8064066466045327,0.6513333333333333,0,COM
243,0.3,0,0.1,0,0.33741662,0.30391979217529297,synthetic_1D_sinusoidal,60000,0.5129324574135972,0.6939495686360455,0.6302222222222222,0,COM-SL
244,0.3,0,0.1,0,0.33741662,0.30391979217529297,synthetic_1D_sinusoidal,60000,0.5129324574135972,0.8231819163020216,0.7330555555555556,0,RW
245,0.3,0,0.1,0,0.33741662,0.30391979217529297,synthetic_1D_sinusoidal,60000,0.5129324574135972,0.7779606919226796,0.6666111111111112,0,RW-SL
246,0.3,0,0.1,0,0.33741662,0.30391979217529297,synthetic_1D_sinusoidal,60000,0.5129324574135972,0.8134230809420295,0.6261666666666666,0,Proxy Oracle
247,0.3,0,0.1,0,0.33741662,0.30391979217529297,synthetic_1D_sinusoidal,60000,0.5129324574135972,0.8335991388442374,0.7617222222222222,0,Target Oracle
248,0.3,0,0.1,0,0.27826983,0.20568442344665527,synthetic_1D_sinusoidal,60000,0.5240715007375445,0.5588776642148294,0.5419444444444445,0,OBS
249,0.3,0,0.1,0,0.27826983,0.20568442344665527,synthetic_1D_sinusoidal,60000,0.5240715007375445,0.6370730871168486,0.6173333333333333,0,OBS Oracle
250,0.3,0,0.1,0,0.27826983,0.20568442344665527,synthetic_1D_sinusoidal,60000,0.5240715007375445,0.8246842271087391,0.7230555555555556,0,COM
251,0.3,0,0.1,0,0.27826983,0.20568442344665527,synthetic_1D_sinusoidal,60000,0.5240715007375445,0.7632405219814916,0.6798888888888889,0,COM-SL
252,0.3,0,0.1,0,0.27826983,0.20568442344665527,synthetic_1D_sinusoidal,60000,0.5240715007375445,0.8381146586824892,0.752,0,RW
253,0.3,0,0.1,0,0.27826983,0.20568442344665527,synthetic_1D_sinusoidal,60000,0.5240715007375445,0.7253928736153641,0.6828888888888889,0,RW-SL
254,0.3,0,0.1,0,0.27826983,0.20568442344665527,synthetic_1D_sinusoidal,60000,0.5240715007375445,0.8301973206139053,0.7462777777777778,0,Proxy Oracle
255,0.3,0,0.1,0,0.27826983,0.20568442344665527,synthetic_1D_sinusoidal,60000,0.5240715007375445,0.8400943376640991,0.7675555555555555,0,Target Oracle
256,0.3,0,0.1,0,0.40074754,0.32366931438446045,synthetic_1D_sinusoidal,60000,0.48746578757970466,0.564785737292671,0.5154444444444445,0,OBS
257,0.3,0,0.1,0,0.40074754,0.32366931438446045,synthetic_1D_sinusoidal,60000,0.48746578757970466,0.692835003679569,0.6309444444444444,0,OBS Oracle
258,0.3,0,0.1,0,0.40074754,0.32366931438446045,synthetic_1D_sinusoidal,60000,0.48746578757970466,0.8252106773278949,0.7265555555555555,0,COM
259,0.3,0,0.1,0,0.40074754,0.32366931438446045,synthetic_1D_sinusoidal,60000,0.48746578757970466,0.8082707878662855,0.7769444444444444,0,COM-SL
260,0.3,0,0.1,0,0.40074754,0.32366931438446045,synthetic_1D_sinusoidal,60000,0.48746578757970466,0.8399578895486961,0.6322222222222222,0,RW
261,0.3,0,0.1,0,0.40074754,0.32366931438446045,synthetic_1D_sinusoidal,60000,0.48746578757970466,0.8312648977765397,0.6377777777777778,0,RW-SL
262,0.3,0,0.1,0,0.40074754,0.32366931438446045,synthetic_1D_sinusoidal,60000,0.48746578757970466,0.8204743138908592,0.6302777777777778,0,Proxy Oracle
263,0.3,0,0.1,0,0.40074754,0.32366931438446045,synthetic_1D_sinusoidal,60000,0.48746578757970466,0.8455600742522508,0.7754444444444445,0,Target Oracle
264,0.3,0,0.1,0,0.37730512,0.27292007207870483,synthetic_1D_sinusoidal,60000,0.5878862737550614,0.5534168730571525,0.5336111111111111,0,OBS
265,0.3,0,0.1,0,0.37730512,0.27292007207870483,synthetic_1D_sinusoidal,60000,0.5878862737550614,0.6905286704400994,0.6171111111111112,0,OBS Oracle
266,0.3,0,0.1,0,0.37730512,0.27292007207870483,synthetic_1D_sinusoidal,60000,0.5878862737550614,0.821989126230536,0.7488888888888889,0,COM
267,0.3,0,0.1,0,0.37730512,0.27292007207870483,synthetic_1D_sinusoidal,60000,0.5878862737550614,0.7105970446384525,0.6706666666666666,0,COM-SL
268,0.3,0,0.1,0,0.37730512,0.27292007207870483,synthetic_1D_sinusoidal,60000,0.5878862737550614,0.8378603235957738,0.7603888888888889,0,RW
269,0.3,0,0.1,0,0.37730512,0.27292007207870483,synthetic_1D_sinusoidal,60000,0.5878862737550614,0.8000560668624139,0.6291111111111111,0,RW-SL
270,0.3,0,0.1,0,0.37730512,0.27292007207870483,synthetic_1D_sinusoidal,60000,0.5878862737550614,0.8217102001370072,0.6639444444444444,0,Proxy Oracle
271,0.3,0,0.1,0,0.37730512,0.27292007207870483,synthetic_1D_sinusoidal,60000,0.5878862737550614,0.8262183647410538,0.7626666666666667,0,Target Oracle
272,0.3,0,0.1,0,0.35288587,0.2698730230331421,synthetic_1D_sinusoidal,60000,0.5271872104167094,0.574902533289837,0.5708888888888889,0,OBS
273,0.3,0,0.1,0,0.35288587,0.2698730230331421,synthetic_1D_sinusoidal,60000,0.5271872104167094,0.6869166905030322,0.5953333333333334,0,OBS Oracle
274,0.3,0,0.1,0,0.35288587,0.2698730230331421,synthetic_1D_sinusoidal,60000,0.5271872104167094,0.8176908222110795,0.662,0,COM
275,0.3,0,0.1,0,0.35288587,0.2698730230331421,synthetic_1D_sinusoidal,60000,0.5271872104167094,0.7898978774597483,0.6742222222222222,0,COM-SL
276,0.3,0,0.1,0,0.35288587,0.2698730230331421,synthetic_1D_sinusoidal,60000,0.5271872104167094,0.8293480746718704,0.7078888888888889,0,RW
277,0.3,0,0.1,0,0.35288587,0.2698730230331421,synthetic_1D_sinusoidal,60000,0.5271872104167094,0.7037112970878303,0.6716111111111112,0,RW-SL
278,0.3,0,0.1,0,0.35288587,0.2698730230331421,synthetic_1D_sinusoidal,60000,0.5271872104167094,0.8099748402409488,0.6756111111111112,0,Proxy Oracle
279,0.3,0,0.1,0,0.35288587,0.2698730230331421,synthetic_1D_sinusoidal,60000,0.5271872104167094,0.8309250932281271,0.7633888888888889,0,Target Oracle
280,0.3,0,0.1,0,0.39704028,0.38437122106552124,synthetic_1D_sinusoidal,60000,0.4890398199456621,0.5857931226237603,0.5935555555555555,0,OBS
281,0.3,0,0.1,0,0.39704028,0.38437122106552124,synthetic_1D_sinusoidal,60000,0.4890398199456621,0.7007704300611327,0.6378888888888888,0,OBS Oracle
282,0.3,0,0.1,0,0.39704028,0.38437122106552124,synthetic_1D_sinusoidal,60000,0.4890398199456621,0.8065513185282321,0.6295555555555555,0,COM
283,0.3,0,0.1,0,0.39704028,0.38437122106552124,synthetic_1D_sinusoidal,60000,0.4890398199456621,0.7282551856489311,0.6315,0,COM-SL
284,0.3,0,0.1,0,0.39704028,0.38437122106552124,synthetic_1D_sinusoidal,60000,0.4890398199456621,0.836008021799402,0.6240555555555556,0,RW
285,0.3,0,0.1,0,0.39704028,0.38437122106552124,synthetic_1D_sinusoidal,60000,0.4890398199456621,0.7984387249191267,0.6318888888888889,0,RW-SL
286,0.3,0,0.1,0,0.39704028,0.38437122106552124,synthetic_1D_sinusoidal,60000,0.4890398199456621,0.8170921338986166,0.6748333333333333,0,Proxy Oracle
287,0.3,0,0.1,0,0.39704028,0.38437122106552124,synthetic_1D_sinusoidal,60000,0.4890398199456621,0.8370726571982685,0.7707777777777778,0,Target Oracle
288,0.3,0,0.1,0,0.3312624,0.34541285037994385,synthetic_1D_sinusoidal,60000,0.4922713060362095,0.5677518324740292,0.5687777777777778,0,OBS
289,0.3,0,0.1,0,0.3312624,0.34541285037994385,synthetic_1D_sinusoidal,60000,0.4922713060362095,0.7124865220943069,0.5987777777777777,0,OBS Oracle
290,0.3,0,0.1,0,0.3312624,0.34541285037994385,synthetic_1D_sinusoidal,60000,0.4922713060362095,0.817589408927649,0.6885555555555556,0,COM
291,0.3,0,0.1,0,0.3312624,0.34541285037994385,synthetic_1D_sinusoidal,60000,0.4922713060362095,0.8146611671169308,0.6628888888888889,0,COM-SL
292,0.3,0,0.1,0,0.3312624,0.34541285037994385,synthetic_1D_sinusoidal,60000,0.4922713060362095,0.8326453888719592,0.7176111111111111,0,RW
293,0.3,0,0.1,0,0.3312624,0.34541285037994385,synthetic_1D_sinusoidal,60000,0.4922713060362095,0.8072167798177912,0.6908888888888889,0,RW-SL
294,0.3,0,0.1,0,0.3312624,0.34541285037994385,synthetic_1D_sinusoidal,60000,0.4922713060362095,0.8205662538525943,0.6426666666666667,0,Proxy Oracle
295,0.3,0,0.1,0,0.3312624,0.34541285037994385,synthetic_1D_sinusoidal,60000,0.4922713060362095,0.8432556180952993,0.7781111111111111,0,Target Oracle
296,0.3,0,0.1,0,0.4094935,0.29922670125961304,synthetic_1D_sinusoidal,60000,0.5489556089070082,0.5666928424428103,0.5586111111111111,0,OBS
297,0.3,0,0.1,0,0.4094935,0.29922670125961304,synthetic_1D_sinusoidal,60000,0.5489556089070082,0.6998743019132387,0.6065,0,OBS Oracle
298,0.3,0,0.1,0,0.4094935,0.29922670125961304,synthetic_1D_sinusoidal,60000,0.5489556089070082,0.8094162865753296,0.6388888888888888,0,COM
299,0.3,0,0.1,0,0.4094935,0.29922670125961304,synthetic_1D_sinusoidal,60000,0.5489556089070082,0.8085752806323452,0.6392777777777777,0,COM-SL
300,0.3,0,0.1,0,0.4094935,0.29922670125961304,synthetic_1D_sinusoidal,60000,0.5489556089070082,0.840837101815265,0.7216666666666667,0,RW
301,0.3,0,0.1,0,0.4094935,0.29922670125961304,synthetic_1D_sinusoidal,60000,0.5489556089070082,0.7157338509185356,0.6393333333333333,0,RW-SL
302,0.3,0,0.1,0,0.4094935,0.29922670125961304,synthetic_1D_sinusoidal,60000,0.5489556089070082,0.8208902770231891,0.6319444444444444,0,Proxy Oracle
303,0.3,0,0.1,0,0.4094935,0.29922670125961304,synthetic_1D_sinusoidal,60000,0.5489556089070082,0.8413467758051567,0.7728333333333334,0,Target Oracle
304,0.3,0,0.1,0,0.33450162,0.25717079639434814,synthetic_1D_sinusoidal,60000,0.5552825970611612,0.5839116931679788,0.5628888888888889,0,OBS
305,0.3,0,0.1,0,0.33450162,0.25717079639434814,synthetic_1D_sinusoidal,60000,0.5552825970611612,0.681977686981516,0.6072777777777778,0,OBS Oracle
306,0.3,0,0.1,0,0.33450162,0.25717079639434814,synthetic_1D_sinusoidal,60000,0.5552825970611612,0.8293279483727167,0.6658888888888889,0,COM
307,0.3,0,0.1,0,0.33450162,0.25717079639434814,synthetic_1D_sinusoidal,60000,0.5552825970611612,0.7234258788164372,0.6543888888888889,0,COM-SL
308,0.3,0,0.1,0,0.33450162,0.25717079639434814,synthetic_1D_sinusoidal,60000,0.5552825970611612,0.8305409474486822,0.7396111111111111,0,RW
309,0.3,0,0.1,0,0.33450162,0.25717079639434814,synthetic_1D_sinusoidal,60000,0.5552825970611612,0.7886501168340957,0.6641666666666667,0,RW-SL
310,0.3,0,0.1,0,0.33450162,0.25717079639434814,synthetic_1D_sinusoidal,60000,0.5552825970611612,0.8121804599350111,0.6737222222222222,0,Proxy Oracle
311,0.3,0,0.1,0,0.33450162,0.25717079639434814,synthetic_1D_sinusoidal,60000,0.5552825970611612,0.8312378229844314,0.7667222222222222,0,Target Oracle
312,0.3,0,0.1,0,0.43595365,0.30019915103912354,synthetic_1D_sinusoidal,60000,0.4967689891585659,0.5674888934042053,0.5521666666666667,0,OBS
313,0.3,0,0.1,0,0.43595365,0.30019915103912354,synthetic_1D_sinusoidal,60000,0.4967689891585659,0.683267357138947,0.5915,0,OBS Oracle
314,0.3,0,0.1,0,0.43595365,0.30019915103912354,synthetic_1D_sinusoidal,60000,0.4967689891585659,0.7703280439185647,0.6419444444444444,0,COM
315,0.3,0,0.1,0,0.43595365,0.30019915103912354,synthetic_1D_sinusoidal,60000,0.4967689891585659,0.7373317696730942,0.6418333333333334,0,COM-SL
316,0.3,0,0.1,0,0.43595365,0.30019915103912354,synthetic_1D_sinusoidal,60000,0.4967689891585659,0.8227205090307873,0.6414444444444445,0,RW
317,0.3,0,0.1,0,0.43595365,0.30019915103912354,synthetic_1D_sinusoidal,60000,0.4967689891585659,0.6915503833534513,0.6415555555555555,0,RW-SL
318,0.3,0,0.1,0,0.43595365,0.30019915103912354,synthetic_1D_sinusoidal,60000,0.4967689891585659,0.8273724724666214,0.722,0,Proxy Oracle
319,0.3,0,0.1,0,0.43595365,0.30019915103912354,synthetic_1D_sinusoidal,60000,0.4967689891585659,0.8159506148098046,0.7646666666666667,0,Target Oracle
320,0.4,0,0.0,0,0.45700294,0.08244401216506958,synthetic_1D_sinusoidal,60000,0.4999163057622013,0.5495040387297078,0.4597777777777778,0,OBS
321,0.4,0,0.0,0,0.45700294,0.08244401216506958,synthetic_1D_sinusoidal,60000,0.4999163057622013,0.6893384214838936,0.5752222222222222,0,OBS Oracle
322,0.4,0,0.0,0,0.45700294,0.08244401216506958,synthetic_1D_sinusoidal,60000,0.4999163057622013,0.821616599464958,0.6307777777777778,0,COM
323,0.4,0,0.0,0,0.45700294,0.08244401216506958,synthetic_1D_sinusoidal,60000,0.4999163057622013,0.8290972653731574,0.7586111111111111,0,COM-SL
324,0.4,0,0.0,0,0.45700294,0.08244401216506958,synthetic_1D_sinusoidal,60000,0.4999163057622013,0.8377225191105477,0.6779444444444445,0,RW
325,0.4,0,0.0,0,0.45700294,0.08244401216506958,synthetic_1D_sinusoidal,60000,0.4999163057622013,0.815537522915743,0.6829444444444445,0,RW-SL
326,0.4,0,0.0,0,0.45700294,0.08244401216506958,synthetic_1D_sinusoidal,60000,0.4999163057622013,0.8144139850771455,0.5861111111111111,0,Proxy Oracle
327,0.4,0,0.0,0,0.45700294,0.08244401216506958,synthetic_1D_sinusoidal,60000,0.4999163057622013,0.8392460314987483,0.7713888888888889,0,Target Oracle
328,0.4,0,0.0,0,0.47748253,0.28056788444519043,synthetic_1D_sinusoidal,60000,0.5396433091502418,0.5606721883905947,0.47105555555555556,0,OBS
329,0.4,0,0.0,0,0.47748253,0.28056788444519043,synthetic_1D_sinusoidal,60000,0.5396433091502418,0.68787412788522,0.6151111111111112,0,OBS Oracle
330,0.4,0,0.0,0,0.47748253,0.28056788444519043,synthetic_1D_sinusoidal,60000,0.5396433091502418,0.8315246488974722,0.6199444444444444,0,COM
331,0.4,0,0.0,0,0.47748253,0.28056788444519043,synthetic_1D_sinusoidal,60000,0.5396433091502418,0.741705313952177,0.6352222222222222,0,COM-SL
332,0.4,0,0.0,0,0.47748253,0.28056788444519043,synthetic_1D_sinusoidal,60000,0.5396433091502418,0.8343221974708086,0.6207777777777778,0,RW
333,0.4,0,0.0,0,0.47748253,0.28056788444519043,synthetic_1D_sinusoidal,60000,0.5396433091502418,0.6996526671480039,0.6246111111111111,0,RW-SL
334,0.4,0,0.0,0,0.47748253,0.28056788444519043,synthetic_1D_sinusoidal,60000,0.5396433091502418,0.814280867515609,0.5148333333333334,0,Proxy Oracle
335,0.4,0,0.0,0,0.47748253,0.28056788444519043,synthetic_1D_sinusoidal,60000,0.5396433091502418,0.8303378574755751,0.7591666666666667,0,Target Oracle
336,0.4,0,0.0,0,0.4350724,0.09647220373153687,synthetic_1D_sinusoidal,60000,0.5116284006865793,0.5455899567285829,0.4683333333333333,0,OBS
337,0.4,0,0.0,0,0.4350724,0.09647220373153687,synthetic_1D_sinusoidal,60000,0.5116284006865793,0.6980531456861694,0.5915,0,OBS Oracle
338,0.4,0,0.0,0,0.4350724,0.09647220373153687,synthetic_1D_sinusoidal,60000,0.5116284006865793,0.8158594875161349,0.6199444444444444,0,COM
339,0.4,0,0.0,0,0.4350724,0.09647220373153687,synthetic_1D_sinusoidal,60000,0.5116284006865793,0.8086836849325384,0.7579444444444444,0,COM-SL
340,0.4,0,0.0,0,0.4350724,0.09647220373153687,synthetic_1D_sinusoidal,60000,0.5116284006865793,0.8362110082414124,0.6010555555555556,0,RW
341,0.4,0,0.0,0,0.4350724,0.09647220373153687,synthetic_1D_sinusoidal,60000,0.5116284006865793,0.8105931950686317,0.6656666666666666,0,RW-SL
342,0.4,0,0.0,0,0.4350724,0.09647220373153687,synthetic_1D_sinusoidal,60000,0.5116284006865793,0.8262867855961955,0.6287222222222222,0,Proxy Oracle
343,0.4,0,0.0,0,0.4350724,0.09647220373153687,synthetic_1D_sinusoidal,60000,0.5116284006865793,0.838423896587756,0.7681666666666667,0,Target Oracle
344,0.4,0,0.0,0,0.47094378,0.22765523195266724,synthetic_1D_sinusoidal,60000,0.503840084133097,0.5343206448758991,0.4703888888888889,0,OBS
345,0.4,0,0.0,0,0.47094378,0.22765523195266724,synthetic_1D_sinusoidal,60000,0.503840084133097,0.705295158027789,0.5872777777777778,0,OBS Oracle
346,0.4,0,0.0,0,0.47094378,0.22765523195266724,synthetic_1D_sinusoidal,60000,0.503840084133097,0.8363195675194234,0.6183333333333333,0,COM
347,0.4,0,0.0,0,0.47094378,0.22765523195266724,synthetic_1D_sinusoidal,60000,0.503840084133097,0.7464192797659819,0.6375555555555555,0,COM-SL
348,0.4,0,0.0,0,0.47094378,0.22765523195266724,synthetic_1D_sinusoidal,60000,0.503840084133097,0.8400100428729759,0.6282222222222222,0,RW
349,0.4,0,0.0,0,0.47094378,0.22765523195266724,synthetic_1D_sinusoidal,60000,0.503840084133097,0.8316199554174228,0.6304444444444445,0,RW-SL
350,0.4,0,0.0,0,0.47094378,0.22765523195266724,synthetic_1D_sinusoidal,60000,0.503840084133097,0.8297067883626374,0.5833888888888888,0,Proxy Oracle
351,0.4,0,0.0,0,0.47094378,0.22765523195266724,synthetic_1D_sinusoidal,60000,0.503840084133097,0.833094565317402,0.7694444444444445,0,Target Oracle
352,0.4,0,0.0,0,0.49347028,0.2354590892791748,synthetic_1D_sinusoidal,60000,0.4978958702055644,0.5629709917559778,0.4627222222222222,0,OBS
353,0.4,0,0.0,0,0.49347028,0.2354590892791748,synthetic_1D_sinusoidal,60000,0.4978958702055644,0.6710756587360371,0.6217777777777778,0,OBS Oracle
354,0.4,0,0.0,0,0.49347028,0.2354590892791748,synthetic_1D_sinusoidal,60000,0.4978958702055644,0.8274443318392017,0.6226111111111111,0,COM
355,0.4,0,0.0,0,0.49347028,0.2354590892791748,synthetic_1D_sinusoidal,60000,0.4978958702055644,0.7142484260141244,0.6762777777777778,0,COM-SL
356,0.4,0,0.0,0,0.49347028,0.2354590892791748,synthetic_1D_sinusoidal,60000,0.4978958702055644,0.8411110692875224,0.6177222222222222,0,RW
357,0.4,0,0.0,0,0.49347028,0.2354590892791748,synthetic_1D_sinusoidal,60000,0.4978958702055644,0.8276582209934514,0.7587222222222222,0,RW-SL
358,0.4,0,0.0,0,0.49347028,0.2354590892791748,synthetic_1D_sinusoidal,60000,0.4978958702055644,0.8166030214455811,0.6176111111111111,0,Proxy Oracle
359,0.4,0,0.0,0,0.49347028,0.2354590892791748,synthetic_1D_sinusoidal,60000,0.4978958702055644,0.8415805284327113,0.7731666666666667,0,Target Oracle
360,0.4,0,0.0,0,0.4175343,0.10563701391220093,synthetic_1D_sinusoidal,60000,0.5589272549266718,0.5661455128544243,0.4743888888888889,0,OBS
361,0.4,0,0.0,0,0.4175343,0.10563701391220093,synthetic_1D_sinusoidal,60000,0.5589272549266718,0.6722708291186081,0.6105555555555555,0,OBS Oracle
362,0.4,0,0.0,0,0.4175343,0.10563701391220093,synthetic_1D_sinusoidal,60000,0.5589272549266718,0.8195804641757308,0.6266666666666667,0,COM
363,0.4,0,0.0,0,0.4175343,0.10563701391220093,synthetic_1D_sinusoidal,60000,0.5589272549266718,0.8173393657215344,0.6522777777777777,0,COM-SL
364,0.4,0,0.0,0,0.4175343,0.10563701391220093,synthetic_1D_sinusoidal,60000,0.5589272549266718,0.8431205884804733,0.5964444444444444,0,RW
365,0.4,0,0.0,0,0.4175343,0.10563701391220093,synthetic_1D_sinusoidal,60000,0.5589272549266718,0.8323400590784293,0.7499444444444444,0,RW-SL
366,0.4,0,0.0,0,0.4175343,0.10563701391220093,synthetic_1D_sinusoidal,60000,0.5589272549266718,0.8255269984849901,0.6172777777777778,0,Proxy Oracle
367,0.4,0,0.0,0,0.4175343,0.10563701391220093,synthetic_1D_sinusoidal,60000,0.5589272549266718,0.8431177229099804,0.7745555555555556,0,Target Oracle
368,0.4,0,0.0,0,0.46471894,0.24312293529510498,synthetic_1D_sinusoidal,60000,0.5083309836010735,0.5471951758828733,0.4802777777777778,0,OBS
369,0.4,0,0.0,0,0.46471894,0.24312293529510498,synthetic_1D_sinusoidal,60000,0.5083309836010735,0.6926672913197516,0.6318888888888889,0,OBS Oracle
370,0.4,0,0.0,0,0.46471894,0.24312293529510498,synthetic_1D_sinusoidal,60000,0.5083309836010735,0.7213213203939144,0.6032777777777778,0,COM
371,0.4,0,0.0,0,0.46471894,0.24312293529510498,synthetic_1D_sinusoidal,60000,0.5083309836010735,0.8142979941100609,0.6266666666666667,0,COM-SL
372,0.4,0,0.0,0,0.46471894,0.24312293529510498,synthetic_1D_sinusoidal,60000,0.5083309836010735,0.8326724116632654,0.5857222222222223,0,RW
373,0.4,0,0.0,0,0.46471894,0.24312293529510498,synthetic_1D_sinusoidal,60000,0.5083309836010735,0.7530069695966478,0.6316111111111111,0,RW-SL
374,0.4,0,0.0,0,0.46471894,0.24312293529510498,synthetic_1D_sinusoidal,60000,0.5083309836010735,0.8366028219331058,0.6109444444444444,0,Proxy Oracle
375,0.4,0,0.0,0,0.46471894,0.24312293529510498,synthetic_1D_sinusoidal,60000,0.5083309836010735,0.8422774843239664,0.7696666666666667,0,Target Oracle
376,0.4,0,0.0,0,0.49991846,0.23111099004745483,synthetic_1D_sinusoidal,60000,0.5008447202547834,0.5653575780445158,0.47305555555555556,0,OBS
377,0.4,0,0.0,0,0.49991846,0.23111099004745483,synthetic_1D_sinusoidal,60000,0.5008447202547834,0.6789299767677458,0.6251111111111111,0,OBS Oracle
378,0.4,0,0.0,0,0.49991846,0.23111099004745483,synthetic_1D_sinusoidal,60000,0.5008447202547834,0.8176770993352457,0.6132777777777778,0,COM
379,0.4,0,0.0,0,0.49991846,0.23111099004745483,synthetic_1D_sinusoidal,60000,0.5008447202547834,0.8085474819721511,0.6681666666666667,0,COM-SL
380,0.4,0,0.0,0,0.49991846,0.23111099004745483,synthetic_1D_sinusoidal,60000,0.5008447202547834,0.8387102950892827,0.6100555555555556,0,RW
381,0.4,0,0.0,0,0.49991846,0.23111099004745483,synthetic_1D_sinusoidal,60000,0.5008447202547834,0.7107255587827142,0.6262222222222222,0,RW-SL
382,0.4,0,0.0,0,0.49991846,0.23111099004745483,synthetic_1D_sinusoidal,60000,0.5008447202547834,0.8223747900650235,0.6058333333333333,0,Proxy Oracle
383,0.4,0,0.0,0,0.49991846,0.23111099004745483,synthetic_1D_sinusoidal,60000,0.5008447202547834,0.8397823105791163,0.7732777777777777,0,Target Oracle
384,0.4,0,0.0,0,0.46067768,0.2674408555030823,synthetic_1D_sinusoidal,60000,0.5059761402344407,0.532029155567102,0.4431111111111111,0,OBS
385,0.4,0,0.0,0,0.46067768,0.2674408555030823,synthetic_1D_sinusoidal,60000,0.5059761402344407,0.6972778755899981,0.6240555555555556,0,OBS Oracle
386,0.4,0,0.0,0,0.46067768,0.2674408555030823,synthetic_1D_sinusoidal,60000,0.5059761402344407,0.8085850745311077,0.6070555555555556,0,COM
387,0.4,0,0.0,0,0.46067768,0.2674408555030823,synthetic_1D_sinusoidal,60000,0.5059761402344407,0.8182185371525363,0.6362777777777778,0,COM-SL
388,0.4,0,0.0,0,0.46067768,0.2674408555030823,synthetic_1D_sinusoidal,60000,0.5059761402344407,0.8333354834598367,0.6377777777777778,0,RW
389,0.4,0,0.0,0,0.46067768,0.2674408555030823,synthetic_1D_sinusoidal,60000,0.5059761402344407,0.8159304194843673,0.6843333333333333,0,RW-SL
390,0.4,0,0.0,0,0.46067768,0.2674408555030823,synthetic_1D_sinusoidal,60000,0.5059761402344407,0.8093921504639744,0.6368333333333334,0,Proxy Oracle
391,0.4,0,0.0,0,0.46067768,0.2674408555030823,synthetic_1D_sinusoidal,60000,0.5059761402344407,0.8318713214532913,0.7696111111111111,0,Target Oracle
392,0.4,0,0.0,0,0.4553221,0.25119549036026,synthetic_1D_sinusoidal,60000,0.5127112738933699,0.575189911580529,0.4732777777777778,0,OBS
393,0.4,0,0.0,0,0.4553221,0.25119549036026,synthetic_1D_sinusoidal,60000,0.5127112738933699,0.6781974833317682,0.5716111111111111,0,OBS Oracle
394,0.4,0,0.0,0,0.4553221,0.25119549036026,synthetic_1D_sinusoidal,60000,0.5127112738933699,0.828684828325862,0.6257777777777778,0,COM
395,0.4,0,0.0,0,0.4553221,0.25119549036026,synthetic_1D_sinusoidal,60000,0.5127112738933699,0.8058441056980888,0.6300555555555556,0,COM-SL
396,0.4,0,0.0,0,0.4553221,0.25119549036026,synthetic_1D_sinusoidal,60000,0.5127112738933699,0.8316621278993334,0.6195555555555555,0,RW
397,0.4,0,0.0,0,0.4553221,0.25119549036026,synthetic_1D_sinusoidal,60000,0.5127112738933699,0.7651146141718275,0.6633333333333333,0,RW-SL
398,0.4,0,0.0,0,0.4553221,0.25119549036026,synthetic_1D_sinusoidal,60000,0.5127112738933699,0.8118745150273562,0.628,0,Proxy Oracle
399,0.4,0,0.0,0,0.4553221,0.25119549036026,synthetic_1D_sinusoidal,60000,0.5127112738933699,0.8326074724090723,0.7616666666666667,0,Target Oracle
